Location;Region
UNITED STATES;NORTH AMERICA
UNITED KINGDOM;EUROPE
SWITZERLAND;EUROPE
SINGAPORE;ASIA
CHINA;ASIA
HONG KONG;ASIA
JAPAN;ASIA
CANADA;NORTH AMERICA
AUSTRALIA;OCEANIA
SOUTH KOREA;ASIA
FRANCE;EUROPE
GERMANY;EUROPE
NETHERLANDS;EUROPE
MALAYSIA;ASIA
TAIWAN;ASIA
ARGENTINA;SOUTH AMERICA
BELGIUM;EUROPE
RUSSIA;EUROPE
DENMARK;EUROPE
NEW ZEALAND;OCEANIA
SWEDEN;EUROPE
IRELAND;EUROPE
NORWAY;EUROPE
FINLAND;EUROPE
MEXICO;NORTH AMERICA
SAUDI ARABIA;ASIA
BRAZIL;SOUTH AMERICA
CHILE;SOUTH AMERICA
ITALY;EUROPE
AUSTRIA;EUROPE
SPAIN;EUROPE
KAZAKHSTAN;ASIA
INDIA;ASIA
UNITED ARAB EMIRATES;ASIA
ISRAEL;ASIA
THAILAND;ASIA
QATAR;ASIA
SOUTH AFRICA;AFRICA
COLOMBIA;SOUTH AMERICA
LEBANON;ASIA
BRUNEI;ASIA
INDONESIA;ASIA
CZECH REPUBLIC;EUROPE
PORTUGAL;EUROPE
BELARUS;EUROPE
ESTONIA;EUROPE
POLAND;EUROPE
MACAU;ASIA
PAKISTAN;ASIA
OMAN;ASIA
IRAN;ASIA
PERU;SOUTH AMERICA
PHILIPPINES;ASIA
LITHUANIA;EUROPE
GREECE;EUROPE
CYPRUS;EUROPE
EGYPT;AFRICA
URUGUAY;SOUTH AMERICA
CUBA;NORTH AMERICA
TURKEY;ASIA
UKRAINE;EUROPE
COSTA RICA;NORTH AMERICA
HUNGARY;EUROPE
GEORGIA;ASIA
BAHRAIN;ASIA
BULGARIA;EUROPE
SLOVENIA;EUROPE
JORDAN;ASIA
SLOVAKIA;EUROPE
TUNISIA;AFRICA
VENEZUELA;SOUTH AMERICA
KUWAIT;ASIA
LATVIA;EUROPE
CROATIA;EUROPE
ECUADOR;SOUTH AMERICA
BANGLADESH;ASIA
ARMENIA;ASIA
MALTA;EUROPE
IRAQ;ASIA
VIETNAM;ASIA
PANAMA;NORTH AMERICA
ROMANIA;EUROPE
SERBIA;EUROPE
AZERBAIJAN;ASIA
KENYA;AFRICA
SRI LANKA;ASIA
PARAGUAY;SOUTH AMERICA
PUERTO RICO;NORTH AMERICA
PALESTINE;ASIA
UGANDA;AFRICA
GHANA;AFRICA
SUDAN;AFRICA
BOSNIA AND HERZEGOVINA;EUROPE
BOLIVIA;SOUTH AMERICA
HONDURAS;SOUTH AMERICA
SYRIA;ASIA
MOROCCO;AFRICA
MACAO;ASIA
BRUNEI DARUSSALAM;ASIA
RUSSIAN FEDERATION;EUROPE
LUXEMBOURG;EUROPE
ICELAND;EUROPE
ETHIOPIA;AFRICA
JAMAICA;NORTH AMERICA
NIGERIA;AFRICA
CHINA (MAINLAND);ASIA
ALGERIA;AFRICA
NEPAL;ASIA
NORTHERN CYPRUS;EUROPE
TANZANIA;AFRICA
MONTENEGRO;EUROPE
BOTSWANA;AFRICA
FIJI;OCEANIA
ZAMBIA;AFRICA
NAMIBIA;AFRICA
MOZAMBIQUE;AFRICA
ZIMBABWE;AFRICA
MAURITIUS;AFRICA
MACAU SAR;ASIA
IRAN, ISLAMIC REPUBLIC OF;ASIA
PALESTINIAN TERRITORY, OCCUPIED;ASIA
SYRIAN ARAB REPUBLIC;ASIA
CHINA-HONG KONG;ASIA
CHINA-MACAU;ASIA
CHINA-TAIWAN;ASIA
